{
  "version": "20.0.0",
  "files": {
    "6c9e436c43cbeab83577ef734975e5fe6267114c6dec2d4064b157074467159e": {
      "source": {
        "path": "JavademoStack.template.json",
        "packaging": "file"
      },
      "destinations": {
        "current_account-current_region": {
          "bucketName": "cdk-hnb659fds-assets-${AWS::AccountId}-${AWS::Region}",
          "objectKey": "6c9e436c43cbeab83577ef734975e5fe6267114c6dec2d4064b157074467159e.json",
          "assumeRoleArn": "arn:${AWS::Partition}:iam::${AWS::AccountId}:role/cdk-hnb659fds-file-publishing-role-${AWS::AccountId}-${AWS::Region}"
        }
      }
    }
  },
  "dockerImages": {}
}