{
  "version": "tree-0.1",
  "tree": {
    "id": "App",
    "path": "",
    "children": {
      "Tree": {
        "id": "Tree",
        "path": "Tree",
        "constructInfo": {
          "fqn": "constructs.Construct",
          "version": "10.1.42"
        }
      },
      "JavademoStack": {
        "id": "JavademoStack",
        "path": "JavademoStack",
        "children": {
          "myVpc": {
            "id": "myVpc",
            "path": "JavademoStack/myVpc",
            "children": {
              "Resource": {
                "id": "Resource",
                "path": "JavademoStack/myVpc/Resource",
                "attributes": {
                  "aws:cdk:cloudformation:type": "AWS::EC2::VPC",
                  "aws:cdk:cloudformation:props": {
                    "cidrBlock": "10.1.0.0/16",
                    "enableDnsHostnames": true,
                    "enableDnsSupport": true,
                    "instanceTenancy": "default",
                    "tags": [
                      {
                        "key": "Name",
                        "value": "myVpc"
                      }
                    ]
                  }
                },
                "constructInfo": {
                  "fqn": "aws-cdk-lib.aws_ec2.CfnVPC",
                  "version": "2.29.1"
                }
              },
              "public-subnetSubnet1": {
                "id": "public-subnetSubnet1",
                "path": "JavademoStack/myVpc/public-subnetSubnet1",
                "children": {
                  "Subnet": {
                    "id": "Subnet",
                    "path": "JavademoStack/myVpc/public-subnetSubnet1/Subnet",
                    "attributes": {
                      "aws:cdk:cloudformation:type": "AWS::EC2::Subnet",
                      "aws:cdk:cloudformation:props": {
                        "vpcId": {
                          "Ref": "myVpc3CC7CF9E"
                        },
                        "availabilityZone": {
                          "Fn::Select": [
                            0,
                            {
                              "Fn::GetAZs": ""
                            }
                          ]
                        },
                        "cidrBlock": "10.1.0.0/24",
                        "mapPublicIpOnLaunch": true,
                        "tags": [
                          {
                            "key": "aws-cdk:subnet-name",
                            "value": "public-subnet"
                          },
                          {
                            "key": "aws-cdk:subnet-type",
                            "value": "Public"
                          },
                          {
                            "key": "Name",
                            "value": "JavademoStack/myVpc/public-subnetSubnet1"
                          }
                        ]
                      }
                    },
                    "constructInfo": {
                      "fqn": "aws-cdk-lib.aws_ec2.CfnSubnet",
                      "version": "2.29.1"
                    }
                  },
                  "Acl": {
                    "id": "Acl",
                    "path": "JavademoStack/myVpc/public-subnetSubnet1/Acl",
                    "constructInfo": {
                      "fqn": "aws-cdk-lib.Resource",
                      "version": "2.29.1"
                    }
                  },
                  "RouteTable": {
                    "id": "RouteTable",
                    "path": "JavademoStack/myVpc/public-subnetSubnet1/RouteTable",
                    "attributes": {
                      "aws:cdk:cloudformation:type": "AWS::EC2::RouteTable",
                      "aws:cdk:cloudformation:props": {
                        "vpcId": {
                          "Ref": "myVpc3CC7CF9E"
                        },
                        "tags": [
                          {
                            "key": "Name",
                            "value": "JavademoStack/myVpc/public-subnetSubnet1"
                          }
                        ]
                      }
                    },
                    "constructInfo": {
                      "fqn": "aws-cdk-lib.aws_ec2.CfnRouteTable",
                      "version": "2.29.1"
                    }
                  },
                  "RouteTableAssociation": {
                    "id": "RouteTableAssociation",
                    "path": "JavademoStack/myVpc/public-subnetSubnet1/RouteTableAssociation",
                    "attributes": {
                      "aws:cdk:cloudformation:type": "AWS::EC2::SubnetRouteTableAssociation",
                      "aws:cdk:cloudformation:props": {
                        "routeTableId": {
                          "Ref": "myVpcpublicsubnetSubnet1RouteTable16277B44"
                        },
                        "subnetId": {
                          "Ref": "myVpcpublicsubnetSubnet1SubnetE8A66A3F"
                        }
                      }
                    },
                    "constructInfo": {
                      "fqn": "aws-cdk-lib.aws_ec2.CfnSubnetRouteTableAssociation",
                      "version": "2.29.1"
                    }
                  },
                  "DefaultRoute": {
                    "id": "DefaultRoute",
                    "path": "JavademoStack/myVpc/public-subnetSubnet1/DefaultRoute",
                    "attributes": {
                      "aws:cdk:cloudformation:type": "AWS::EC2::Route",
                      "aws:cdk:cloudformation:props": {
                        "routeTableId": {
                          "Ref": "myVpcpublicsubnetSubnet1RouteTable16277B44"
                        },
                        "destinationCidrBlock": "0.0.0.0/0",
                        "gatewayId": {
                          "Ref": "myVpcIGW1F8FFE4F"
                        }
                      }
                    },
                    "constructInfo": {
                      "fqn": "aws-cdk-lib.aws_ec2.CfnRoute",
                      "version": "2.29.1"
                    }
                  },
                  "EIP": {
                    "id": "EIP",
                    "path": "JavademoStack/myVpc/public-subnetSubnet1/EIP",
                    "attributes": {
                      "aws:cdk:cloudformation:type": "AWS::EC2::EIP",
                      "aws:cdk:cloudformation:props": {
                        "domain": "vpc",
                        "tags": [
                          {
                            "key": "Name",
                            "value": "JavademoStack/myVpc/public-subnetSubnet1"
                          }
                        ]
                      }
                    },
                    "constructInfo": {
                      "fqn": "aws-cdk-lib.aws_ec2.CfnEIP",
                      "version": "2.29.1"
                    }
                  },
                  "NATGateway": {
                    "id": "NATGateway",
                    "path": "JavademoStack/myVpc/public-subnetSubnet1/NATGateway",
                    "attributes": {
                      "aws:cdk:cloudformation:type": "AWS::EC2::NatGateway",
                      "aws:cdk:cloudformation:props": {
                        "subnetId": {
                          "Ref": "myVpcpublicsubnetSubnet1SubnetE8A66A3F"
                        },
                        "allocationId": {
                          "Fn::GetAtt": [
                            "myVpcpublicsubnetSubnet1EIP54DF58FC",
                            "AllocationId"
                          ]
                        },
                        "tags": [
                          {
                            "key": "Name",
                            "value": "JavademoStack/myVpc/public-subnetSubnet1"
                          }
                        ]
                      }
                    },
                    "constructInfo": {
                      "fqn": "aws-cdk-lib.aws_ec2.CfnNatGateway",
                      "version": "2.29.1"
                    }
                  }
                },
                "constructInfo": {
                  "fqn": "aws-cdk-lib.aws_ec2.PublicSubnet",
                  "version": "2.29.1"
                }
              },
              "public-subnetSubnet2": {
                "id": "public-subnetSubnet2",
                "path": "JavademoStack/myVpc/public-subnetSubnet2",
                "children": {
                  "Subnet": {
                    "id": "Subnet",
                    "path": "JavademoStack/myVpc/public-subnetSubnet2/Subnet",
                    "attributes": {
                      "aws:cdk:cloudformation:type": "AWS::EC2::Subnet",
                      "aws:cdk:cloudformation:props": {
                        "vpcId": {
                          "Ref": "myVpc3CC7CF9E"
                        },
                        "availabilityZone": {
                          "Fn::Select": [
                            1,
                            {
                              "Fn::GetAZs": ""
                            }
                          ]
                        },
                        "cidrBlock": "10.1.1.0/24",
                        "mapPublicIpOnLaunch": true,
                        "tags": [
                          {
                            "key": "aws-cdk:subnet-name",
                            "value": "public-subnet"
                          },
                          {
                            "key": "aws-cdk:subnet-type",
                            "value": "Public"
                          },
                          {
                            "key": "Name",
                            "value": "JavademoStack/myVpc/public-subnetSubnet2"
                          }
                        ]
                      }
                    },
                    "constructInfo": {
                      "fqn": "aws-cdk-lib.aws_ec2.CfnSubnet",
                      "version": "2.29.1"
                    }
                  },
                  "Acl": {
                    "id": "Acl",
                    "path": "JavademoStack/myVpc/public-subnetSubnet2/Acl",
                    "constructInfo": {
                      "fqn": "aws-cdk-lib.Resource",
                      "version": "2.29.1"
                    }
                  },
                  "RouteTable": {
                    "id": "RouteTable",
                    "path": "JavademoStack/myVpc/public-subnetSubnet2/RouteTable",
                    "attributes": {
                      "aws:cdk:cloudformation:type": "AWS::EC2::RouteTable",
                      "aws:cdk:cloudformation:props": {
                        "vpcId": {
                          "Ref": "myVpc3CC7CF9E"
                        },
                        "tags": [
                          {
                            "key": "Name",
                            "value": "JavademoStack/myVpc/public-subnetSubnet2"
                          }
                        ]
                      }
                    },
                    "constructInfo": {
                      "fqn": "aws-cdk-lib.aws_ec2.CfnRouteTable",
                      "version": "2.29.1"
                    }
                  },
                  "RouteTableAssociation": {
                    "id": "RouteTableAssociation",
                    "path": "JavademoStack/myVpc/public-subnetSubnet2/RouteTableAssociation",
                    "attributes": {
                      "aws:cdk:cloudformation:type": "AWS::EC2::SubnetRouteTableAssociation",
                      "aws:cdk:cloudformation:props": {
                        "routeTableId": {
                          "Ref": "myVpcpublicsubnetSubnet2RouteTable6073E293"
                        },
                        "subnetId": {
                          "Ref": "myVpcpublicsubnetSubnet2SubnetBED8BC85"
                        }
                      }
                    },
                    "constructInfo": {
                      "fqn": "aws-cdk-lib.aws_ec2.CfnSubnetRouteTableAssociation",
                      "version": "2.29.1"
                    }
                  },
                  "DefaultRoute": {
                    "id": "DefaultRoute",
                    "path": "JavademoStack/myVpc/public-subnetSubnet2/DefaultRoute",
                    "attributes": {
                      "aws:cdk:cloudformation:type": "AWS::EC2::Route",
                      "aws:cdk:cloudformation:props": {
                        "routeTableId": {
                          "Ref": "myVpcpublicsubnetSubnet2RouteTable6073E293"
                        },
                        "destinationCidrBlock": "0.0.0.0/0",
                        "gatewayId": {
                          "Ref": "myVpcIGW1F8FFE4F"
                        }
                      }
                    },
                    "constructInfo": {
                      "fqn": "aws-cdk-lib.aws_ec2.CfnRoute",
                      "version": "2.29.1"
                    }
                  }
                },
                "constructInfo": {
                  "fqn": "aws-cdk-lib.aws_ec2.PublicSubnet",
                  "version": "2.29.1"
                }
              },
              "web-private-subnetSubnet1": {
                "id": "web-private-subnetSubnet1",
                "path": "JavademoStack/myVpc/web-private-subnetSubnet1",
                "children": {
                  "Subnet": {
                    "id": "Subnet",
                    "path": "JavademoStack/myVpc/web-private-subnetSubnet1/Subnet",
                    "attributes": {
                      "aws:cdk:cloudformation:type": "AWS::EC2::Subnet",
                      "aws:cdk:cloudformation:props": {
                        "vpcId": {
                          "Ref": "myVpc3CC7CF9E"
                        },
                        "availabilityZone": {
                          "Fn::Select": [
                            0,
                            {
                              "Fn::GetAZs": ""
                            }
                          ]
                        },
                        "cidrBlock": "10.1.2.0/24",
                        "mapPublicIpOnLaunch": false,
                        "tags": [
                          {
                            "key": "aws-cdk:subnet-name",
                            "value": "web-private-subnet"
                          },
                          {
                            "key": "aws-cdk:subnet-type",
                            "value": "Private"
                          },
                          {
                            "key": "Name",
                            "value": "JavademoStack/myVpc/web-private-subnetSubnet1"
                          }
                        ]
                      }
                    },
                    "constructInfo": {
                      "fqn": "aws-cdk-lib.aws_ec2.CfnSubnet",
                      "version": "2.29.1"
                    }
                  },
                  "Acl": {
                    "id": "Acl",
                    "path": "JavademoStack/myVpc/web-private-subnetSubnet1/Acl",
                    "constructInfo": {
                      "fqn": "aws-cdk-lib.Resource",
                      "version": "2.29.1"
                    }
                  },
                  "RouteTable": {
                    "id": "RouteTable",
                    "path": "JavademoStack/myVpc/web-private-subnetSubnet1/RouteTable",
                    "attributes": {
                      "aws:cdk:cloudformation:type": "AWS::EC2::RouteTable",
                      "aws:cdk:cloudformation:props": {
                        "vpcId": {
                          "Ref": "myVpc3CC7CF9E"
                        },
                        "tags": [
                          {
                            "key": "Name",
                            "value": "JavademoStack/myVpc/web-private-subnetSubnet1"
                          }
                        ]
                      }
                    },
                    "constructInfo": {
                      "fqn": "aws-cdk-lib.aws_ec2.CfnRouteTable",
                      "version": "2.29.1"
                    }
                  },
                  "RouteTableAssociation": {
                    "id": "RouteTableAssociation",
                    "path": "JavademoStack/myVpc/web-private-subnetSubnet1/RouteTableAssociation",
                    "attributes": {
                      "aws:cdk:cloudformation:type": "AWS::EC2::SubnetRouteTableAssociation",
                      "aws:cdk:cloudformation:props": {
                        "routeTableId": {
                          "Ref": "myVpcwebprivatesubnetSubnet1RouteTableA402FB16"
                        },
                        "subnetId": {
                          "Ref": "myVpcwebprivatesubnetSubnet1Subnet8B79E854"
                        }
                      }
                    },
                    "constructInfo": {
                      "fqn": "aws-cdk-lib.aws_ec2.CfnSubnetRouteTableAssociation",
                      "version": "2.29.1"
                    }
                  },
                  "DefaultRoute": {
                    "id": "DefaultRoute",
                    "path": "JavademoStack/myVpc/web-private-subnetSubnet1/DefaultRoute",
                    "attributes": {
                      "aws:cdk:cloudformation:type": "AWS::EC2::Route",
                      "aws:cdk:cloudformation:props": {
                        "routeTableId": {
                          "Ref": "myVpcwebprivatesubnetSubnet1RouteTableA402FB16"
                        },
                        "destinationCidrBlock": "0.0.0.0/0",
                        "natGatewayId": {
                          "Ref": "myVpcpublicsubnetSubnet1NATGateway36EB30D8"
                        }
                      }
                    },
                    "constructInfo": {
                      "fqn": "aws-cdk-lib.aws_ec2.CfnRoute",
                      "version": "2.29.1"
                    }
                  }
                },
                "constructInfo": {
                  "fqn": "aws-cdk-lib.aws_ec2.PrivateSubnet",
                  "version": "2.29.1"
                }
              },
              "web-private-subnetSubnet2": {
                "id": "web-private-subnetSubnet2",
                "path": "JavademoStack/myVpc/web-private-subnetSubnet2",
                "children": {
                  "Subnet": {
                    "id": "Subnet",
                    "path": "JavademoStack/myVpc/web-private-subnetSubnet2/Subnet",
                    "attributes": {
                      "aws:cdk:cloudformation:type": "AWS::EC2::Subnet",
                      "aws:cdk:cloudformation:props": {
                        "vpcId": {
                          "Ref": "myVpc3CC7CF9E"
                        },
                        "availabilityZone": {
                          "Fn::Select": [
                            1,
                            {
                              "Fn::GetAZs": ""
                            }
                          ]
                        },
                        "cidrBlock": "10.1.3.0/24",
                        "mapPublicIpOnLaunch": false,
                        "tags": [
                          {
                            "key": "aws-cdk:subnet-name",
                            "value": "web-private-subnet"
                          },
                          {
                            "key": "aws-cdk:subnet-type",
                            "value": "Private"
                          },
                          {
                            "key": "Name",
                            "value": "JavademoStack/myVpc/web-private-subnetSubnet2"
                          }
                        ]
                      }
                    },
                    "constructInfo": {
                      "fqn": "aws-cdk-lib.aws_ec2.CfnSubnet",
                      "version": "2.29.1"
                    }
                  },
                  "Acl": {
                    "id": "Acl",
                    "path": "JavademoStack/myVpc/web-private-subnetSubnet2/Acl",
                    "constructInfo": {
                      "fqn": "aws-cdk-lib.Resource",
                      "version": "2.29.1"
                    }
                  },
                  "RouteTable": {
                    "id": "RouteTable",
                    "path": "JavademoStack/myVpc/web-private-subnetSubnet2/RouteTable",
                    "attributes": {
                      "aws:cdk:cloudformation:type": "AWS::EC2::RouteTable",
                      "aws:cdk:cloudformation:props": {
                        "vpcId": {
                          "Ref": "myVpc3CC7CF9E"
                        },
                        "tags": [
                          {
                            "key": "Name",
                            "value": "JavademoStack/myVpc/web-private-subnetSubnet2"
                          }
                        ]
                      }
                    },
                    "constructInfo": {
                      "fqn": "aws-cdk-lib.aws_ec2.CfnRouteTable",
                      "version": "2.29.1"
                    }
                  },
                  "RouteTableAssociation": {
                    "id": "RouteTableAssociation",
                    "path": "JavademoStack/myVpc/web-private-subnetSubnet2/RouteTableAssociation",
                    "attributes": {
                      "aws:cdk:cloudformation:type": "AWS::EC2::SubnetRouteTableAssociation",
                      "aws:cdk:cloudformation:props": {
                        "routeTableId": {
                          "Ref": "myVpcwebprivatesubnetSubnet2RouteTableD7C8C0F1"
                        },
                        "subnetId": {
                          "Ref": "myVpcwebprivatesubnetSubnet2Subnet9561BFA3"
                        }
                      }
                    },
                    "constructInfo": {
                      "fqn": "aws-cdk-lib.aws_ec2.CfnSubnetRouteTableAssociation",
                      "version": "2.29.1"
                    }
                  },
                  "DefaultRoute": {
                    "id": "DefaultRoute",
                    "path": "JavademoStack/myVpc/web-private-subnetSubnet2/DefaultRoute",
                    "attributes": {
                      "aws:cdk:cloudformation:type": "AWS::EC2::Route",
                      "aws:cdk:cloudformation:props": {
                        "routeTableId": {
                          "Ref": "myVpcwebprivatesubnetSubnet2RouteTableD7C8C0F1"
                        },
                        "destinationCidrBlock": "0.0.0.0/0",
                        "natGatewayId": {
                          "Ref": "myVpcpublicsubnetSubnet1NATGateway36EB30D8"
                        }
                      }
                    },
                    "constructInfo": {
                      "fqn": "aws-cdk-lib.aws_ec2.CfnRoute",
                      "version": "2.29.1"
                    }
                  }
                },
                "constructInfo": {
                  "fqn": "aws-cdk-lib.aws_ec2.PrivateSubnet",
                  "version": "2.29.1"
                }
              },
              "app-private-subnetSubnet1": {
                "id": "app-private-subnetSubnet1",
                "path": "JavademoStack/myVpc/app-private-subnetSubnet1",
                "children": {
                  "Subnet": {
                    "id": "Subnet",
                    "path": "JavademoStack/myVpc/app-private-subnetSubnet1/Subnet",
                    "attributes": {
                      "aws:cdk:cloudformation:type": "AWS::EC2::Subnet",
                      "aws:cdk:cloudformation:props": {
                        "vpcId": {
                          "Ref": "myVpc3CC7CF9E"
                        },
                        "availabilityZone": {
                          "Fn::Select": [
                            0,
                            {
                              "Fn::GetAZs": ""
                            }
                          ]
                        },
                        "cidrBlock": "10.1.4.0/24",
                        "mapPublicIpOnLaunch": false,
                        "tags": [
                          {
                            "key": "aws-cdk:subnet-name",
                            "value": "app-private-subnet"
                          },
                          {
                            "key": "aws-cdk:subnet-type",
                            "value": "Private"
                          },
                          {
                            "key": "Name",
                            "value": "JavademoStack/myVpc/app-private-subnetSubnet1"
                          }
                        ]
                      }
                    },
                    "constructInfo": {
                      "fqn": "aws-cdk-lib.aws_ec2.CfnSubnet",
                      "version": "2.29.1"
                    }
                  },
                  "Acl": {
                    "id": "Acl",
                    "path": "JavademoStack/myVpc/app-private-subnetSubnet1/Acl",
                    "constructInfo": {
                      "fqn": "aws-cdk-lib.Resource",
                      "version": "2.29.1"
                    }
                  },
                  "RouteTable": {
                    "id": "RouteTable",
                    "path": "JavademoStack/myVpc/app-private-subnetSubnet1/RouteTable",
                    "attributes": {
                      "aws:cdk:cloudformation:type": "AWS::EC2::RouteTable",
                      "aws:cdk:cloudformation:props": {
                        "vpcId": {
                          "Ref": "myVpc3CC7CF9E"
                        },
                        "tags": [
                          {
                            "key": "Name",
                            "value": "JavademoStack/myVpc/app-private-subnetSubnet1"
                          }
                        ]
                      }
                    },
                    "constructInfo": {
                      "fqn": "aws-cdk-lib.aws_ec2.CfnRouteTable",
                      "version": "2.29.1"
                    }
                  },
                  "RouteTableAssociation": {
                    "id": "RouteTableAssociation",
                    "path": "JavademoStack/myVpc/app-private-subnetSubnet1/RouteTableAssociation",
                    "attributes": {
                      "aws:cdk:cloudformation:type": "AWS::EC2::SubnetRouteTableAssociation",
                      "aws:cdk:cloudformation:props": {
                        "routeTableId": {
                          "Ref": "myVpcappprivatesubnetSubnet1RouteTableF4262A21"
                        },
                        "subnetId": {
                          "Ref": "myVpcappprivatesubnetSubnet1SubnetCFE1550A"
                        }
                      }
                    },
                    "constructInfo": {
                      "fqn": "aws-cdk-lib.aws_ec2.CfnSubnetRouteTableAssociation",
                      "version": "2.29.1"
                    }
                  },
                  "DefaultRoute": {
                    "id": "DefaultRoute",
                    "path": "JavademoStack/myVpc/app-private-subnetSubnet1/DefaultRoute",
                    "attributes": {
                      "aws:cdk:cloudformation:type": "AWS::EC2::Route",
                      "aws:cdk:cloudformation:props": {
                        "routeTableId": {
                          "Ref": "myVpcappprivatesubnetSubnet1RouteTableF4262A21"
                        },
                        "destinationCidrBlock": "0.0.0.0/0",
                        "natGatewayId": {
                          "Ref": "myVpcpublicsubnetSubnet1NATGateway36EB30D8"
                        }
                      }
                    },
                    "constructInfo": {
                      "fqn": "aws-cdk-lib.aws_ec2.CfnRoute",
                      "version": "2.29.1"
                    }
                  }
                },
                "constructInfo": {
                  "fqn": "aws-cdk-lib.aws_ec2.PrivateSubnet",
                  "version": "2.29.1"
                }
              },
              "app-private-subnetSubnet2": {
                "id": "app-private-subnetSubnet2",
                "path": "JavademoStack/myVpc/app-private-subnetSubnet2",
                "children": {
                  "Subnet": {
                    "id": "Subnet",
                    "path": "JavademoStack/myVpc/app-private-subnetSubnet2/Subnet",
                    "attributes": {
                      "aws:cdk:cloudformation:type": "AWS::EC2::Subnet",
                      "aws:cdk:cloudformation:props": {
                        "vpcId": {
                          "Ref": "myVpc3CC7CF9E"
                        },
                        "availabilityZone": {
                          "Fn::Select": [
                            1,
                            {
                              "Fn::GetAZs": ""
                            }
                          ]
                        },
                        "cidrBlock": "10.1.5.0/24",
                        "mapPublicIpOnLaunch": false,
                        "tags": [
                          {
                            "key": "aws-cdk:subnet-name",
                            "value": "app-private-subnet"
                          },
                          {
                            "key": "aws-cdk:subnet-type",
                            "value": "Private"
                          },
                          {
                            "key": "Name",
                            "value": "JavademoStack/myVpc/app-private-subnetSubnet2"
                          }
                        ]
                      }
                    },
                    "constructInfo": {
                      "fqn": "aws-cdk-lib.aws_ec2.CfnSubnet",
                      "version": "2.29.1"
                    }
                  },
                  "Acl": {
                    "id": "Acl",
                    "path": "JavademoStack/myVpc/app-private-subnetSubnet2/Acl",
                    "constructInfo": {
                      "fqn": "aws-cdk-lib.Resource",
                      "version": "2.29.1"
                    }
                  },
                  "RouteTable": {
                    "id": "RouteTable",
                    "path": "JavademoStack/myVpc/app-private-subnetSubnet2/RouteTable",
                    "attributes": {
                      "aws:cdk:cloudformation:type": "AWS::EC2::RouteTable",
                      "aws:cdk:cloudformation:props": {
                        "vpcId": {
                          "Ref": "myVpc3CC7CF9E"
                        },
                        "tags": [
                          {
                            "key": "Name",
                            "value": "JavademoStack/myVpc/app-private-subnetSubnet2"
                          }
                        ]
                      }
                    },
                    "constructInfo": {
                      "fqn": "aws-cdk-lib.aws_ec2.CfnRouteTable",
                      "version": "2.29.1"
                    }
                  },
                  "RouteTableAssociation": {
                    "id": "RouteTableAssociation",
                    "path": "JavademoStack/myVpc/app-private-subnetSubnet2/RouteTableAssociation",
                    "attributes": {
                      "aws:cdk:cloudformation:type": "AWS::EC2::SubnetRouteTableAssociation",
                      "aws:cdk:cloudformation:props": {
                        "routeTableId": {
                          "Ref": "myVpcappprivatesubnetSubnet2RouteTable2164FFEA"
                        },
                        "subnetId": {
                          "Ref": "myVpcappprivatesubnetSubnet2SubnetD57A15B8"
                        }
                      }
                    },
                    "constructInfo": {
                      "fqn": "aws-cdk-lib.aws_ec2.CfnSubnetRouteTableAssociation",
                      "version": "2.29.1"
                    }
                  },
                  "DefaultRoute": {
                    "id": "DefaultRoute",
                    "path": "JavademoStack/myVpc/app-private-subnetSubnet2/DefaultRoute",
                    "attributes": {
                      "aws:cdk:cloudformation:type": "AWS::EC2::Route",
                      "aws:cdk:cloudformation:props": {
                        "routeTableId": {
                          "Ref": "myVpcappprivatesubnetSubnet2RouteTable2164FFEA"
                        },
                        "destinationCidrBlock": "0.0.0.0/0",
                        "natGatewayId": {
                          "Ref": "myVpcpublicsubnetSubnet1NATGateway36EB30D8"
                        }
                      }
                    },
                    "constructInfo": {
                      "fqn": "aws-cdk-lib.aws_ec2.CfnRoute",
                      "version": "2.29.1"
                    }
                  }
                },
                "constructInfo": {
                  "fqn": "aws-cdk-lib.aws_ec2.PrivateSubnet",
                  "version": "2.29.1"
                }
              },
              "db-private-subnetSubnet1": {
                "id": "db-private-subnetSubnet1",
                "path": "JavademoStack/myVpc/db-private-subnetSubnet1",
                "children": {
                  "Subnet": {
                    "id": "Subnet",
                    "path": "JavademoStack/myVpc/db-private-subnetSubnet1/Subnet",
                    "attributes": {
                      "aws:cdk:cloudformation:type": "AWS::EC2::Subnet",
                      "aws:cdk:cloudformation:props": {
                        "vpcId": {
                          "Ref": "myVpc3CC7CF9E"
                        },
                        "availabilityZone": {
                          "Fn::Select": [
                            0,
                            {
                              "Fn::GetAZs": ""
                            }
                          ]
                        },
                        "cidrBlock": "10.1.6.0/24",
                        "mapPublicIpOnLaunch": false,
                        "tags": [
                          {
                            "key": "aws-cdk:subnet-name",
                            "value": "db-private-subnet"
                          },
                          {
                            "key": "aws-cdk:subnet-type",
                            "value": "Isolated"
                          },
                          {
                            "key": "Name",
                            "value": "JavademoStack/myVpc/db-private-subnetSubnet1"
                          }
                        ]
                      }
                    },
                    "constructInfo": {
                      "fqn": "aws-cdk-lib.aws_ec2.CfnSubnet",
                      "version": "2.29.1"
                    }
                  },
                  "Acl": {
                    "id": "Acl",
                    "path": "JavademoStack/myVpc/db-private-subnetSubnet1/Acl",
                    "constructInfo": {
                      "fqn": "aws-cdk-lib.Resource",
                      "version": "2.29.1"
                    }
                  },
                  "RouteTable": {
                    "id": "RouteTable",
                    "path": "JavademoStack/myVpc/db-private-subnetSubnet1/RouteTable",
                    "attributes": {
                      "aws:cdk:cloudformation:type": "AWS::EC2::RouteTable",
                      "aws:cdk:cloudformation:props": {
                        "vpcId": {
                          "Ref": "myVpc3CC7CF9E"
                        },
                        "tags": [
                          {
                            "key": "Name",
                            "value": "JavademoStack/myVpc/db-private-subnetSubnet1"
                          }
                        ]
                      }
                    },
                    "constructInfo": {
                      "fqn": "aws-cdk-lib.aws_ec2.CfnRouteTable",
                      "version": "2.29.1"
                    }
                  },
                  "RouteTableAssociation": {
                    "id": "RouteTableAssociation",
                    "path": "JavademoStack/myVpc/db-private-subnetSubnet1/RouteTableAssociation",
                    "attributes": {
                      "aws:cdk:cloudformation:type": "AWS::EC2::SubnetRouteTableAssociation",
                      "aws:cdk:cloudformation:props": {
                        "routeTableId": {
                          "Ref": "myVpcdbprivatesubnetSubnet1RouteTableA1C16D10"
                        },
                        "subnetId": {
                          "Ref": "myVpcdbprivatesubnetSubnet1Subnet9D467BEF"
                        }
                      }
                    },
                    "constructInfo": {
                      "fqn": "aws-cdk-lib.aws_ec2.CfnSubnetRouteTableAssociation",
                      "version": "2.29.1"
                    }
                  }
                },
                "constructInfo": {
                  "fqn": "aws-cdk-lib.aws_ec2.PrivateSubnet",
                  "version": "2.29.1"
                }
              },
              "db-private-subnetSubnet2": {
                "id": "db-private-subnetSubnet2",
                "path": "JavademoStack/myVpc/db-private-subnetSubnet2",
                "children": {
                  "Subnet": {
                    "id": "Subnet",
                    "path": "JavademoStack/myVpc/db-private-subnetSubnet2/Subnet",
                    "attributes": {
                      "aws:cdk:cloudformation:type": "AWS::EC2::Subnet",
                      "aws:cdk:cloudformation:props": {
                        "vpcId": {
                          "Ref": "myVpc3CC7CF9E"
                        },
                        "availabilityZone": {
                          "Fn::Select": [
                            1,
                            {
                              "Fn::GetAZs": ""
                            }
                          ]
                        },
                        "cidrBlock": "10.1.7.0/24",
                        "mapPublicIpOnLaunch": false,
                        "tags": [
                          {
                            "key": "aws-cdk:subnet-name",
                            "value": "db-private-subnet"
                          },
                          {
                            "key": "aws-cdk:subnet-type",
                            "value": "Isolated"
                          },
                          {
                            "key": "Name",
                            "value": "JavademoStack/myVpc/db-private-subnetSubnet2"
                          }
                        ]
                      }
                    },
                    "constructInfo": {
                      "fqn": "aws-cdk-lib.aws_ec2.CfnSubnet",
                      "version": "2.29.1"
                    }
                  },
                  "Acl": {
                    "id": "Acl",
                    "path": "JavademoStack/myVpc/db-private-subnetSubnet2/Acl",
                    "constructInfo": {
                      "fqn": "aws-cdk-lib.Resource",
                      "version": "2.29.1"
                    }
                  },
                  "RouteTable": {
                    "id": "RouteTable",
                    "path": "JavademoStack/myVpc/db-private-subnetSubnet2/RouteTable",
                    "attributes": {
                      "aws:cdk:cloudformation:type": "AWS::EC2::RouteTable",
                      "aws:cdk:cloudformation:props": {
                        "vpcId": {
                          "Ref": "myVpc3CC7CF9E"
                        },
                        "tags": [
                          {
                            "key": "Name",
                            "value": "JavademoStack/myVpc/db-private-subnetSubnet2"
                          }
                        ]
                      }
                    },
                    "constructInfo": {
                      "fqn": "aws-cdk-lib.aws_ec2.CfnRouteTable",
                      "version": "2.29.1"
                    }
                  },
                  "RouteTableAssociation": {
                    "id": "RouteTableAssociation",
                    "path": "JavademoStack/myVpc/db-private-subnetSubnet2/RouteTableAssociation",
                    "attributes": {
                      "aws:cdk:cloudformation:type": "AWS::EC2::SubnetRouteTableAssociation",
                      "aws:cdk:cloudformation:props": {
                        "routeTableId": {
                          "Ref": "myVpcdbprivatesubnetSubnet2RouteTableF1621556"
                        },
                        "subnetId": {
                          "Ref": "myVpcdbprivatesubnetSubnet2SubnetC184105A"
                        }
                      }
                    },
                    "constructInfo": {
                      "fqn": "aws-cdk-lib.aws_ec2.CfnSubnetRouteTableAssociation",
                      "version": "2.29.1"
                    }
                  }
                },
                "constructInfo": {
                  "fqn": "aws-cdk-lib.aws_ec2.PrivateSubnet",
                  "version": "2.29.1"
                }
              },
              "IGW": {
                "id": "IGW",
                "path": "JavademoStack/myVpc/IGW",
                "attributes": {
                  "aws:cdk:cloudformation:type": "AWS::EC2::InternetGateway",
                  "aws:cdk:cloudformation:props": {
                    "tags": [
                      {
                        "key": "Name",
                        "value": "myVpc"
                      }
                    ]
                  }
                },
                "constructInfo": {
                  "fqn": "aws-cdk-lib.aws_ec2.CfnInternetGateway",
                  "version": "2.29.1"
                }
              },
              "VPCGW": {
                "id": "VPCGW",
                "path": "JavademoStack/myVpc/VPCGW",
                "attributes": {
                  "aws:cdk:cloudformation:type": "AWS::EC2::VPCGatewayAttachment",
                  "aws:cdk:cloudformation:props": {
                    "vpcId": {
                      "Ref": "myVpc3CC7CF9E"
                    },
                    "internetGatewayId": {
                      "Ref": "myVpcIGW1F8FFE4F"
                    }
                  }
                },
                "constructInfo": {
                  "fqn": "aws-cdk-lib.aws_ec2.CfnVPCGatewayAttachment",
                  "version": "2.29.1"
                }
              }
            },
            "constructInfo": {
              "fqn": "aws-cdk-lib.aws_ec2.Vpc",
              "version": "2.29.1"
            }
          },
          "TG": {
            "id": "TG",
            "path": "JavademoStack/TG",
            "children": {
              "Resource": {
                "id": "Resource",
                "path": "JavademoStack/TG/Resource",
                "attributes": {
                  "aws:cdk:cloudformation:type": "AWS::ElasticLoadBalancingV2::TargetGroup",
                  "aws:cdk:cloudformation:props": {
                    "name": "web-tg",
                    "port": 80,
                    "protocol": "HTTP",
                    "targetGroupAttributes": [
                      {
                        "key": "stickiness.enabled",
                        "value": "false"
                      }
                    ],
                    "targetType": "ip",
                    "vpcId": {
                      "Ref": "myVpc3CC7CF9E"
                    }
                  }
                },
                "constructInfo": {
                  "fqn": "aws-cdk-lib.aws_elasticloadbalancingv2.CfnTargetGroup",
                  "version": "2.29.1"
                }
              }
            },
            "constructInfo": {
              "fqn": "aws-cdk-lib.aws_elasticloadbalancingv2.ApplicationTargetGroup",
              "version": "2.29.1"
            }
          },
          "ALB": {
            "id": "ALB",
            "path": "JavademoStack/ALB",
            "children": {
              "Resource": {
                "id": "Resource",
                "path": "JavademoStack/ALB/Resource",
                "attributes": {
                  "aws:cdk:cloudformation:type": "AWS::ElasticLoadBalancingV2::LoadBalancer",
                  "aws:cdk:cloudformation:props": {
                    "loadBalancerAttributes": [
                      {
                        "key": "deletion_protection.enabled",
                        "value": "false"
                      }
                    ],
                    "name": "web-alb",
                    "scheme": "internet-facing",
                    "securityGroups": [
                      {
                        "Fn::GetAtt": [
                          "ALBSecurityGroup8B8624F8",
                          "GroupId"
                        ]
                      }
                    ],
                    "subnets": [
                      {
                        "Ref": "myVpcpublicsubnetSubnet1SubnetE8A66A3F"
                      },
                      {
                        "Ref": "myVpcpublicsubnetSubnet2SubnetBED8BC85"
                      }
                    ],
                    "type": "application"
                  }
                },
                "constructInfo": {
                  "fqn": "aws-cdk-lib.aws_elasticloadbalancingv2.CfnLoadBalancer",
                  "version": "2.29.1"
                }
              },
              "SecurityGroup": {
                "id": "SecurityGroup",
                "path": "JavademoStack/ALB/SecurityGroup",
                "children": {
                  "Resource": {
                    "id": "Resource",
                    "path": "JavademoStack/ALB/SecurityGroup/Resource",
                    "attributes": {
                      "aws:cdk:cloudformation:type": "AWS::EC2::SecurityGroup",
                      "aws:cdk:cloudformation:props": {
                        "groupDescription": "Automatically created Security Group for ELB JavademoStackALB95D8F1EE",
                        "securityGroupIngress": [
                          {
                            "cidrIp": "0.0.0.0/0",
                            "ipProtocol": "tcp",
                            "fromPort": 80,
                            "toPort": 80,
                            "description": "Allow from anyone on port 80"
                          }
                        ],
                        "vpcId": {
                          "Ref": "myVpc3CC7CF9E"
                        }
                      }
                    },
                    "constructInfo": {
                      "fqn": "aws-cdk-lib.aws_ec2.CfnSecurityGroup",
                      "version": "2.29.1"
                    }
                  },
                  "to JavademoStackfargateserviceSecurityGroup59CE30C6:80": {
                    "id": "to JavademoStackfargateserviceSecurityGroup59CE30C6:80",
                    "path": "JavademoStack/ALB/SecurityGroup/to JavademoStackfargateserviceSecurityGroup59CE30C6:80",
                    "attributes": {
                      "aws:cdk:cloudformation:type": "AWS::EC2::SecurityGroupEgress",
                      "aws:cdk:cloudformation:props": {
                        "groupId": {
                          "Fn::GetAtt": [
                            "ALBSecurityGroup8B8624F8",
                            "GroupId"
                          ]
                        },
                        "ipProtocol": "tcp",
                        "description": "Load balancer to target",
                        "destinationSecurityGroupId": {
                          "Fn::GetAtt": [
                            "fargateserviceSecurityGroup3ACEBB0F",
                            "GroupId"
                          ]
                        },
                        "fromPort": 80,
                        "toPort": 80
                      }
                    },
                    "constructInfo": {
                      "fqn": "aws-cdk-lib.aws_ec2.CfnSecurityGroupEgress",
                      "version": "2.29.1"
                    }
                  }
                },
                "constructInfo": {
                  "fqn": "aws-cdk-lib.aws_ec2.SecurityGroup",
                  "version": "2.29.1"
                }
              }
            },
            "constructInfo": {
              "fqn": "aws-cdk-lib.aws_elasticloadbalancingv2.ApplicationLoadBalancer",
              "version": "2.29.1"
            }
          },
          "Listener": {
            "id": "Listener",
            "path": "JavademoStack/Listener",
            "children": {
              "Resource": {
                "id": "Resource",
                "path": "JavademoStack/Listener/Resource",
                "attributes": {
                  "aws:cdk:cloudformation:type": "AWS::ElasticLoadBalancingV2::Listener",
                  "aws:cdk:cloudformation:props": {
                    "defaultActions": [
                      {
                        "type": "forward",
                        "targetGroupArn": {
                          "Ref": "TGB29B09E7"
                        }
                      }
                    ],
                    "loadBalancerArn": {
                      "Ref": "ALBAEE750D2"
                    },
                    "port": 80,
                    "protocol": "HTTP"
                  }
                },
                "constructInfo": {
                  "fqn": "aws-cdk-lib.aws_elasticloadbalancingv2.CfnListener",
                  "version": "2.29.1"
                }
              }
            },
            "constructInfo": {
              "fqn": "aws-cdk-lib.aws_elasticloadbalancingv2.ApplicationListener",
              "version": "2.29.1"
            }
          },
          "web-ecs-cluster": {
            "id": "web-ecs-cluster",
            "path": "JavademoStack/web-ecs-cluster",
            "children": {
              "Resource": {
                "id": "Resource",
                "path": "JavademoStack/web-ecs-cluster/Resource",
                "attributes": {
                  "aws:cdk:cloudformation:type": "AWS::ECS::Cluster",
                  "aws:cdk:cloudformation:props": {
                    "clusterName": "web-ecs-cluster"
                  }
                },
                "constructInfo": {
                  "fqn": "aws-cdk-lib.aws_ecs.CfnCluster",
                  "version": "2.29.1"
                }
              }
            },
            "constructInfo": {
              "fqn": "aws-cdk-lib.aws_ecs.Cluster",
              "version": "2.29.1"
            }
          },
          "FargateTaskDef": {
            "id": "FargateTaskDef",
            "path": "JavademoStack/FargateTaskDef",
            "children": {
              "TaskRole": {
                "id": "TaskRole",
                "path": "JavademoStack/FargateTaskDef/TaskRole",
                "children": {
                  "Resource": {
                    "id": "Resource",
                    "path": "JavademoStack/FargateTaskDef/TaskRole/Resource",
                    "attributes": {
                      "aws:cdk:cloudformation:type": "AWS::IAM::Role",
                      "aws:cdk:cloudformation:props": {
                        "assumeRolePolicyDocument": {
                          "Statement": [
                            {
                              "Action": "sts:AssumeRole",
                              "Effect": "Allow",
                              "Principal": {
                                "Service": "ecs-tasks.amazonaws.com"
                              }
                            }
                          ],
                          "Version": "2012-10-17"
                        }
                      }
                    },
                    "constructInfo": {
                      "fqn": "aws-cdk-lib.aws_iam.CfnRole",
                      "version": "2.29.1"
                    }
                  }
                },
                "constructInfo": {
                  "fqn": "aws-cdk-lib.aws_iam.Role",
                  "version": "2.29.1"
                }
              },
              "Resource": {
                "id": "Resource",
                "path": "JavademoStack/FargateTaskDef/Resource",
                "attributes": {
                  "aws:cdk:cloudformation:type": "AWS::ECS::TaskDefinition",
                  "aws:cdk:cloudformation:props": {
                    "containerDefinitions": [
                      {
                        "essential": true,
                        "image": "amazon/amazon-ecs-sample",
                        "name": "PHP",
                        "portMappings": [
                          {
                            "containerPort": 80,
                            "protocol": "tcp"
                          }
                        ]
                      }
                    ],
                    "cpu": "256",
                    "family": "JavademoStackFargateTaskDef21572778",
                    "memory": "512",
                    "networkMode": "awsvpc",
                    "requiresCompatibilities": [
                      "FARGATE"
                    ],
                    "taskRoleArn": {
                      "Fn::GetAtt": [
                        "FargateTaskDefTaskRole0B257552",
                        "Arn"
                      ]
                    }
                  }
                },
                "constructInfo": {
                  "fqn": "aws-cdk-lib.aws_ecs.CfnTaskDefinition",
                  "version": "2.29.1"
                }
              },
              "PHP": {
                "id": "PHP",
                "path": "JavademoStack/FargateTaskDef/PHP",
                "constructInfo": {
                  "fqn": "aws-cdk-lib.aws_ecs.ContainerDefinition",
                  "version": "2.29.1"
                }
              }
            },
            "constructInfo": {
              "fqn": "aws-cdk-lib.aws_ecs.FargateTaskDefinition",
              "version": "2.29.1"
            }
          },
          "fargate-service": {
            "id": "fargate-service",
            "path": "JavademoStack/fargate-service",
            "children": {
              "Service": {
                "id": "Service",
                "path": "JavademoStack/fargate-service/Service",
                "attributes": {
                  "aws:cdk:cloudformation:type": "AWS::ECS::Service",
                  "aws:cdk:cloudformation:props": {
                    "cluster": {
                      "Ref": "webecsclusterE0F56370"
                    },
                    "deploymentConfiguration": {
                      "maximumPercent": 200,
                      "minimumHealthyPercent": 50
                    },
                    "enableEcsManagedTags": false,
                    "healthCheckGracePeriodSeconds": 60,
                    "launchType": "FARGATE",
                    "loadBalancers": [
                      {
                        "targetGroupArn": {
                          "Ref": "TGB29B09E7"
                        },
                        "containerName": "PHP",
                        "containerPort": 80
                      }
                    ],
                    "networkConfiguration": {
                      "awsvpcConfiguration": {
                        "assignPublicIp": "DISABLED",
                        "subnets": [
                          {
                            "Ref": "myVpcwebprivatesubnetSubnet1Subnet8B79E854"
                          },
                          {
                            "Ref": "myVpcwebprivatesubnetSubnet2Subnet9561BFA3"
                          },
                          {
                            "Ref": "myVpcappprivatesubnetSubnet1SubnetCFE1550A"
                          },
                          {
                            "Ref": "myVpcappprivatesubnetSubnet2SubnetD57A15B8"
                          }
                        ],
                        "securityGroups": [
                          {
                            "Fn::GetAtt": [
                              "fargateserviceSecurityGroup3ACEBB0F",
                              "GroupId"
                            ]
                          }
                        ]
                      }
                    },
                    "serviceName": "fargate-service",
                    "taskDefinition": {
                      "Ref": "FargateTaskDefC6FB60B4"
                    }
                  }
                },
                "constructInfo": {
                  "fqn": "aws-cdk-lib.aws_ecs.CfnService",
                  "version": "2.29.1"
                }
              },
              "SecurityGroup": {
                "id": "SecurityGroup",
                "path": "JavademoStack/fargate-service/SecurityGroup",
                "children": {
                  "Resource": {
                    "id": "Resource",
                    "path": "JavademoStack/fargate-service/SecurityGroup/Resource",
                    "attributes": {
                      "aws:cdk:cloudformation:type": "AWS::EC2::SecurityGroup",
                      "aws:cdk:cloudformation:props": {
                        "groupDescription": "JavademoStack/fargate-service/SecurityGroup",
                        "securityGroupEgress": [
                          {
                            "cidrIp": "0.0.0.0/0",
                            "description": "Allow all outbound traffic by default",
                            "ipProtocol": "-1"
                          }
                        ],
                        "vpcId": {
                          "Ref": "myVpc3CC7CF9E"
                        }
                      }
                    },
                    "constructInfo": {
                      "fqn": "aws-cdk-lib.aws_ec2.CfnSecurityGroup",
                      "version": "2.29.1"
                    }
                  },
                  "from JavademoStackALBSecurityGroup60D2172D:80": {
                    "id": "from JavademoStackALBSecurityGroup60D2172D:80",
                    "path": "JavademoStack/fargate-service/SecurityGroup/from JavademoStackALBSecurityGroup60D2172D:80",
                    "attributes": {
                      "aws:cdk:cloudformation:type": "AWS::EC2::SecurityGroupIngress",
                      "aws:cdk:cloudformation:props": {
                        "ipProtocol": "tcp",
                        "description": "Load balancer to target",
                        "fromPort": 80,
                        "groupId": {
                          "Fn::GetAtt": [
                            "fargateserviceSecurityGroup3ACEBB0F",
                            "GroupId"
                          ]
                        },
                        "sourceSecurityGroupId": {
                          "Fn::GetAtt": [
                            "ALBSecurityGroup8B8624F8",
                            "GroupId"
                          ]
                        },
                        "toPort": 80
                      }
                    },
                    "constructInfo": {
                      "fqn": "aws-cdk-lib.aws_ec2.CfnSecurityGroupIngress",
                      "version": "2.29.1"
                    }
                  }
                },
                "constructInfo": {
                  "fqn": "aws-cdk-lib.aws_ec2.SecurityGroup",
                  "version": "2.29.1"
                }
              },
              "ScalingRole": {
                "id": "ScalingRole",
                "path": "JavademoStack/fargate-service/ScalingRole",
                "constructInfo": {
                  "fqn": "aws-cdk-lib.Resource",
                  "version": "2.29.1"
                }
              },
              "TaskCount": {
                "id": "TaskCount",
                "path": "JavademoStack/fargate-service/TaskCount",
                "children": {
                  "Target": {
                    "id": "Target",
                    "path": "JavademoStack/fargate-service/TaskCount/Target",
                    "children": {
                      "Resource": {
                        "id": "Resource",
                        "path": "JavademoStack/fargate-service/TaskCount/Target/Resource",
                        "attributes": {
                          "aws:cdk:cloudformation:type": "AWS::ApplicationAutoScaling::ScalableTarget",
                          "aws:cdk:cloudformation:props": {
                            "maxCapacity": 20,
                            "minCapacity": 4,
                            "resourceId": {
                              "Fn::Join": [
                                "",
                                [
                                  "service/",
                                  {
                                    "Ref": "webecsclusterE0F56370"
                                  },
                                  "/",
                                  {
                                    "Fn::GetAtt": [
                                      "fargateserviceService16837280",
                                      "Name"
                                    ]
                                  }
                                ]
                              ]
                            },
                            "roleArn": {
                              "Fn::Join": [
                                "",
                                [
                                  "arn:",
                                  {
                                    "Ref": "AWS::Partition"
                                  },
                                  ":iam::",
                                  {
                                    "Ref": "AWS::AccountId"
                                  },
                                  ":role/aws-service-role/ecs.application-autoscaling.amazonaws.com/AWSServiceRoleForApplicationAutoScaling_ECSService"
                                ]
                              ]
                            },
                            "scalableDimension": "ecs:service:DesiredCount",
                            "serviceNamespace": "ecs"
                          }
                        },
                        "constructInfo": {
                          "fqn": "aws-cdk-lib.aws_applicationautoscaling.CfnScalableTarget",
                          "version": "2.29.1"
                        }
                      }
                    },
                    "constructInfo": {
                      "fqn": "aws-cdk-lib.aws_applicationautoscaling.ScalableTarget",
                      "version": "2.29.1"
                    }
                  }
                },
                "constructInfo": {
                  "fqn": "aws-cdk-lib.aws_ecs.ScalableTaskCount",
                  "version": "2.29.1"
                }
              }
            },
            "constructInfo": {
              "fqn": "aws-cdk-lib.aws_ecs.FargateService",
              "version": "2.29.1"
            }
          },
          "bastion-sg": {
            "id": "bastion-sg",
            "path": "JavademoStack/bastion-sg",
            "children": {
              "Resource": {
                "id": "Resource",
                "path": "JavademoStack/bastion-sg/Resource",
                "attributes": {
                  "aws:cdk:cloudformation:type": "AWS::EC2::SecurityGroup",
                  "aws:cdk:cloudformation:props": {
                    "groupDescription": "Allow ssh access to ec2 instances",
                    "groupName": "bastion-sg",
                    "securityGroupEgress": [
                      {
                        "cidrIp": "0.0.0.0/0",
                        "description": "Allow all outbound traffic by default",
                        "ipProtocol": "-1"
                      }
                    ],
                    "securityGroupIngress": [
                      {
                        "cidrIp": "0.0.0.0/0",
                        "ipProtocol": "tcp",
                        "fromPort": 22,
                        "toPort": 22,
                        "description": "from 0.0.0.0/0:22"
                      }
                    ],
                    "vpcId": {
                      "Ref": "myVpc3CC7CF9E"
                    }
                  }
                },
                "constructInfo": {
                  "fqn": "aws-cdk-lib.aws_ec2.CfnSecurityGroup",
                  "version": "2.29.1"
                }
              }
            },
            "constructInfo": {
              "fqn": "aws-cdk-lib.aws_ec2.SecurityGroup",
              "version": "2.29.1"
            }
          },
          "bastion": {
            "id": "bastion",
            "path": "JavademoStack/bastion",
            "children": {
              "Resource": {
                "id": "Resource",
                "path": "JavademoStack/bastion/Resource",
                "children": {
                  "InstanceRole": {
                    "id": "InstanceRole",
                    "path": "JavademoStack/bastion/Resource/InstanceRole",
                    "children": {
                      "Resource": {
                        "id": "Resource",
                        "path": "JavademoStack/bastion/Resource/InstanceRole/Resource",
                        "attributes": {
                          "aws:cdk:cloudformation:type": "AWS::IAM::Role",
                          "aws:cdk:cloudformation:props": {
                            "assumeRolePolicyDocument": {
                              "Statement": [
                                {
                                  "Action": "sts:AssumeRole",
                                  "Effect": "Allow",
                                  "Principal": {
                                    "Service": {
                                      "Fn::Join": [
                                        "",
                                        [
                                          "ec2.",
                                          {
                                            "Ref": "AWS::URLSuffix"
                                          }
                                        ]
                                      ]
                                    }
                                  }
                                }
                              ],
                              "Version": "2012-10-17"
                            },
                            "tags": [
                              {
                                "key": "Name",
                                "value": "bastion"
                              }
                            ]
                          }
                        },
                        "constructInfo": {
                          "fqn": "aws-cdk-lib.aws_iam.CfnRole",
                          "version": "2.29.1"
                        }
                      },
                      "DefaultPolicy": {
                        "id": "DefaultPolicy",
                        "path": "JavademoStack/bastion/Resource/InstanceRole/DefaultPolicy",
                        "children": {
                          "Resource": {
                            "id": "Resource",
                            "path": "JavademoStack/bastion/Resource/InstanceRole/DefaultPolicy/Resource",
                            "attributes": {
                              "aws:cdk:cloudformation:type": "AWS::IAM::Policy",
                              "aws:cdk:cloudformation:props": {
                                "policyDocument": {
                                  "Statement": [
                                    {
                                      "Action": [
                                        "ec2messages:*",
                                        "ssm:UpdateInstanceInformation",
                                        "ssmmessages:*"
                                      ],
                                      "Effect": "Allow",
                                      "Resource": "*"
                                    }
                                  ],
                                  "Version": "2012-10-17"
                                },
                                "policyName": "bastionInstanceRoleDefaultPolicyAF88F25C",
                                "roles": [
                                  {
                                    "Ref": "bastionInstanceRole5FE40889"
                                  }
                                ]
                              }
                            },
                            "constructInfo": {
                              "fqn": "aws-cdk-lib.aws_iam.CfnPolicy",
                              "version": "2.29.1"
                            }
                          }
                        },
                        "constructInfo": {
                          "fqn": "aws-cdk-lib.aws_iam.Policy",
                          "version": "2.29.1"
                        }
                      }
                    },
                    "constructInfo": {
                      "fqn": "aws-cdk-lib.aws_iam.Role",
                      "version": "2.29.1"
                    }
                  },
                  "InstanceProfile": {
                    "id": "InstanceProfile",
                    "path": "JavademoStack/bastion/Resource/InstanceProfile",
                    "attributes": {
                      "aws:cdk:cloudformation:type": "AWS::IAM::InstanceProfile",
                      "aws:cdk:cloudformation:props": {
                        "roles": [
                          {
                            "Ref": "bastionInstanceRole5FE40889"
                          }
                        ]
                      }
                    },
                    "constructInfo": {
                      "fqn": "aws-cdk-lib.aws_iam.CfnInstanceProfile",
                      "version": "2.29.1"
                    }
                  },
                  "Resource": {
                    "id": "Resource",
                    "path": "JavademoStack/bastion/Resource/Resource",
                    "attributes": {
                      "aws:cdk:cloudformation:type": "AWS::EC2::Instance",
                      "aws:cdk:cloudformation:props": {
                        "availabilityZone": {
                          "Fn::Select": [
                            0,
                            {
                              "Fn::GetAZs": ""
                            }
                          ]
                        },
                        "iamInstanceProfile": {
                          "Ref": "bastionInstanceProfileE50CD38E"
                        },
                        "imageId": {
                          "Ref": "SsmParameterValueawsserviceamiamazonlinuxlatestamzn2amihvmx8664gp2C96584B6F00A464EAD1953AFF4B05118Parameter"
                        },
                        "instanceType": "t1.micro",
                        "securityGroupIds": [
                          {
                            "Fn::GetAtt": [
                              "bastionsg9F6FB053",
                              "GroupId"
                            ]
                          }
                        ],
                        "subnetId": {
                          "Ref": "myVpcpublicsubnetSubnet1SubnetE8A66A3F"
                        },
                        "tags": [
                          {
                            "key": "Name",
                            "value": "bastion"
                          }
                        ],
                        "userData": {
                          "Fn::Base64": "#!/bin/bash"
                        }
                      }
                    },
                    "constructInfo": {
                      "fqn": "aws-cdk-lib.aws_ec2.CfnInstance",
                      "version": "2.29.1"
                    }
                  }
                },
                "constructInfo": {
                  "fqn": "aws-cdk-lib.aws_ec2.Instance",
                  "version": "2.29.1"
                }
              },
              "BastionHostId": {
                "id": "BastionHostId",
                "path": "JavademoStack/bastion/BastionHostId",
                "constructInfo": {
                  "fqn": "aws-cdk-lib.CfnOutput",
                  "version": "2.29.1"
                }
              }
            },
            "constructInfo": {
              "fqn": "aws-cdk-lib.aws_ec2.BastionHostLinux",
              "version": "2.29.1"
            }
          },
          "SsmParameterValue:--aws--service--ami-amazon-linux-latest--amzn2-ami-hvm-x86_64-gp2:C96584B6-F00A-464E-AD19-53AFF4B05118.Parameter": {
            "id": "SsmParameterValue:--aws--service--ami-amazon-linux-latest--amzn2-ami-hvm-x86_64-gp2:C96584B6-F00A-464E-AD19-53AFF4B05118.Parameter",
            "path": "JavademoStack/SsmParameterValue:--aws--service--ami-amazon-linux-latest--amzn2-ami-hvm-x86_64-gp2:C96584B6-F00A-464E-AD19-53AFF4B05118.Parameter",
            "constructInfo": {
              "fqn": "aws-cdk-lib.CfnParameter",
              "version": "2.29.1"
            }
          },
          "SsmParameterValue:--aws--service--ami-amazon-linux-latest--amzn2-ami-hvm-x86_64-gp2:C96584B6-F00A-464E-AD19-53AFF4B05118": {
            "id": "SsmParameterValue:--aws--service--ami-amazon-linux-latest--amzn2-ami-hvm-x86_64-gp2:C96584B6-F00A-464E-AD19-53AFF4B05118",
            "path": "JavademoStack/SsmParameterValue:--aws--service--ami-amazon-linux-latest--amzn2-ami-hvm-x86_64-gp2:C96584B6-F00A-464E-AD19-53AFF4B05118",
            "constructInfo": {
              "fqn": "aws-cdk-lib.Resource",
              "version": "2.29.1"
            }
          },
          "rds-sg": {
            "id": "rds-sg",
            "path": "JavademoStack/rds-sg",
            "children": {
              "Resource": {
                "id": "Resource",
                "path": "JavademoStack/rds-sg/Resource",
                "attributes": {
                  "aws:cdk:cloudformation:type": "AWS::EC2::SecurityGroup",
                  "aws:cdk:cloudformation:props": {
                    "groupDescription": "Allow ecs access to rds",
                    "groupName": "rds-sg",
                    "securityGroupEgress": [
                      {
                        "cidrIp": "0.0.0.0/0",
                        "description": "Allow all outbound traffic by default",
                        "ipProtocol": "-1"
                      }
                    ],
                    "securityGroupIngress": [
                      {
                        "cidrIp": "0.0.0.0/0",
                        "ipProtocol": "tcp",
                        "fromPort": 3306,
                        "toPort": 3306,
                        "description": "from 0.0.0.0/0:3306"
                      }
                    ],
                    "vpcId": {
                      "Ref": "myVpc3CC7CF9E"
                    }
                  }
                },
                "constructInfo": {
                  "fqn": "aws-cdk-lib.aws_ec2.CfnSecurityGroup",
                  "version": "2.29.1"
                }
              },
              "from JavademoStackfargateserviceSecurityGroup59CE30C6:3306": {
                "id": "from JavademoStackfargateserviceSecurityGroup59CE30C6:3306",
                "path": "JavademoStack/rds-sg/from JavademoStackfargateserviceSecurityGroup59CE30C6:3306",
                "attributes": {
                  "aws:cdk:cloudformation:type": "AWS::EC2::SecurityGroupIngress",
                  "aws:cdk:cloudformation:props": {
                    "ipProtocol": "tcp",
                    "description": "from JavademoStackfargateserviceSecurityGroup59CE30C6:3306",
                    "fromPort": 3306,
                    "groupId": {
                      "Fn::GetAtt": [
                        "rdssg9E2D99FE",
                        "GroupId"
                      ]
                    },
                    "sourceSecurityGroupId": {
                      "Fn::GetAtt": [
                        "fargateserviceSecurityGroup3ACEBB0F",
                        "GroupId"
                      ]
                    },
                    "toPort": 3306
                  }
                },
                "constructInfo": {
                  "fqn": "aws-cdk-lib.aws_ec2.CfnSecurityGroupIngress",
                  "version": "2.29.1"
                }
              }
            },
            "constructInfo": {
              "fqn": "aws-cdk-lib.aws_ec2.SecurityGroup",
              "version": "2.29.1"
            }
          },
          "mysql-cluster": {
            "id": "mysql-cluster",
            "path": "JavademoStack/mysql-cluster",
            "children": {
              "Subnets": {
                "id": "Subnets",
                "path": "JavademoStack/mysql-cluster/Subnets",
                "children": {
                  "Default": {
                    "id": "Default",
                    "path": "JavademoStack/mysql-cluster/Subnets/Default",
                    "attributes": {
                      "aws:cdk:cloudformation:type": "AWS::RDS::DBSubnetGroup",
                      "aws:cdk:cloudformation:props": {
                        "dbSubnetGroupDescription": "Subnets for mysql-cluster database",
                        "subnetIds": [
                          {
                            "Ref": "myVpcdbprivatesubnetSubnet1Subnet9D467BEF"
                          },
                          {
                            "Ref": "myVpcdbprivatesubnetSubnet2SubnetC184105A"
                          }
                        ]
                      }
                    },
                    "constructInfo": {
                      "fqn": "aws-cdk-lib.aws_rds.CfnDBSubnetGroup",
                      "version": "2.29.1"
                    }
                  }
                },
                "constructInfo": {
                  "fqn": "aws-cdk-lib.aws_rds.SubnetGroup",
                  "version": "2.29.1"
                }
              },
              "AuroraMySqlDatabaseClusterEngineDefaultParameterGroup": {
                "id": "AuroraMySqlDatabaseClusterEngineDefaultParameterGroup",
                "path": "JavademoStack/mysql-cluster/AuroraMySqlDatabaseClusterEngineDefaultParameterGroup",
                "constructInfo": {
                  "fqn": "aws-cdk-lib.Resource",
                  "version": "2.29.1"
                }
              },
              "Secret": {
                "id": "Secret",
                "path": "JavademoStack/mysql-cluster/Secret",
                "children": {
                  "Resource": {
                    "id": "Resource",
                    "path": "JavademoStack/mysql-cluster/Secret/Resource",
                    "attributes": {
                      "aws:cdk:cloudformation:type": "AWS::SecretsManager::Secret",
                      "aws:cdk:cloudformation:props": {
                        "description": {
                          "Fn::Join": [
                            "",
                            [
                              "Generated by the CDK for stack: ",
                              {
                                "Ref": "AWS::StackName"
                              }
                            ]
                          ]
                        },
                        "generateSecretString": {
                          "passwordLength": 30,
                          "secretStringTemplate": "{\"username\":\"admin\"}",
                          "generateStringKey": "password",
                          "excludeCharacters": " %+~`#$&*()|[]{}:;<>?!'/@\"\\"
                        }
                      }
                    },
                    "constructInfo": {
                      "fqn": "aws-cdk-lib.aws_secretsmanager.CfnSecret",
                      "version": "2.29.1"
                    }
                  },
                  "Attachment": {
                    "id": "Attachment",
                    "path": "JavademoStack/mysql-cluster/Secret/Attachment",
                    "children": {
                      "Resource": {
                        "id": "Resource",
                        "path": "JavademoStack/mysql-cluster/Secret/Attachment/Resource",
                        "attributes": {
                          "aws:cdk:cloudformation:type": "AWS::SecretsManager::SecretTargetAttachment",
                          "aws:cdk:cloudformation:props": {
                            "secretId": {
                              "Ref": "mysqlclusterSecret142D0451"
                            },
                            "targetId": {
                              "Ref": "mysqlclusterC5879917"
                            },
                            "targetType": "AWS::RDS::DBCluster"
                          }
                        },
                        "constructInfo": {
                          "fqn": "aws-cdk-lib.aws_secretsmanager.CfnSecretTargetAttachment",
                          "version": "2.29.1"
                        }
                      }
                    },
                    "constructInfo": {
                      "fqn": "aws-cdk-lib.aws_secretsmanager.SecretTargetAttachment",
                      "version": "2.29.1"
                    }
                  }
                },
                "constructInfo": {
                  "fqn": "aws-cdk-lib.aws_rds.DatabaseSecret",
                  "version": "2.29.1"
                }
              },
              "Resource": {
                "id": "Resource",
                "path": "JavademoStack/mysql-cluster/Resource",
                "attributes": {
                  "aws:cdk:cloudformation:type": "AWS::RDS::DBCluster",
                  "aws:cdk:cloudformation:props": {
                    "engine": "aurora-mysql",
                    "copyTagsToSnapshot": true,
                    "databaseName": "mysqldb",
                    "dbClusterParameterGroupName": "default.aurora-mysql5.7",
                    "dbSubnetGroupName": {
                      "Ref": "mysqlclusterSubnets8991E2B2"
                    },
                    "engineVersion": "5.7.mysql_aurora.2.08.1",
                    "masterUsername": {
                      "Fn::Join": [
                        "",
                        [
                          "{{resolve:secretsmanager:",
                          {
                            "Ref": "mysqlclusterSecret142D0451"
                          },
                          ":SecretString:username::}}"
                        ]
                      ]
                    },
                    "masterUserPassword": {
                      "Fn::Join": [
                        "",
                        [
                          "{{resolve:secretsmanager:",
                          {
                            "Ref": "mysqlclusterSecret142D0451"
                          },
                          ":SecretString:password::}}"
                        ]
                      ]
                    },
                    "vpcSecurityGroupIds": [
                      {
                        "Fn::GetAtt": [
                          "rdssg9E2D99FE",
                          "GroupId"
                        ]
                      }
                    ]
                  }
                },
                "constructInfo": {
                  "fqn": "aws-cdk-lib.aws_rds.CfnDBCluster",
                  "version": "2.29.1"
                }
              },
              "Instance1": {
                "id": "Instance1",
                "path": "JavademoStack/mysql-cluster/Instance1",
                "attributes": {
                  "aws:cdk:cloudformation:type": "AWS::RDS::DBInstance",
                  "aws:cdk:cloudformation:props": {
                    "dbInstanceClass": "db.t2.small",
                    "dbClusterIdentifier": {
                      "Ref": "mysqlclusterC5879917"
                    },
                    "dbSubnetGroupName": {
                      "Ref": "mysqlclusterSubnets8991E2B2"
                    },
                    "engine": "aurora-mysql",
                    "engineVersion": "5.7.mysql_aurora.2.08.1",
                    "publiclyAccessible": false
                  }
                },
                "constructInfo": {
                  "fqn": "aws-cdk-lib.aws_rds.CfnDBInstance",
                  "version": "2.29.1"
                }
              },
              "Instance2": {
                "id": "Instance2",
                "path": "JavademoStack/mysql-cluster/Instance2",
                "attributes": {
                  "aws:cdk:cloudformation:type": "AWS::RDS::DBInstance",
                  "aws:cdk:cloudformation:props": {
                    "dbInstanceClass": "db.t2.small",
                    "dbClusterIdentifier": {
                      "Ref": "mysqlclusterC5879917"
                    },
                    "dbSubnetGroupName": {
                      "Ref": "mysqlclusterSubnets8991E2B2"
                    },
                    "engine": "aurora-mysql",
                    "engineVersion": "5.7.mysql_aurora.2.08.1",
                    "publiclyAccessible": false
                  }
                },
                "constructInfo": {
                  "fqn": "aws-cdk-lib.aws_rds.CfnDBInstance",
                  "version": "2.29.1"
                }
              }
            },
            "constructInfo": {
              "fqn": "aws-cdk-lib.aws_rds.DatabaseCluster",
              "version": "2.29.1"
            }
          },
          "CDKMetadata": {
            "id": "CDKMetadata",
            "path": "JavademoStack/CDKMetadata",
            "children": {
              "Default": {
                "id": "Default",
                "path": "JavademoStack/CDKMetadata/Default",
                "constructInfo": {
                  "fqn": "aws-cdk-lib.CfnResource",
                  "version": "2.29.1"
                }
              },
              "Condition": {
                "id": "Condition",
                "path": "JavademoStack/CDKMetadata/Condition",
                "constructInfo": {
                  "fqn": "aws-cdk-lib.CfnCondition",
                  "version": "2.29.1"
                }
              }
            },
            "constructInfo": {
              "fqn": "constructs.Construct",
              "version": "10.1.42"
            }
          }
        },
        "constructInfo": {
          "fqn": "aws-cdk-lib.Stack",
          "version": "2.29.1"
        }
      }
    },
    "constructInfo": {
      "fqn": "aws-cdk-lib.App",
      "version": "2.29.1"
    }
  }
}